nom;reference;categorie;fournisseur;stock;seuil_alerte;prix_achat;prix_vente;tva;date_expiration;description
Adrenaline 1mg/mL injectable;;;;;10; 225,00 ; 700,00 ;;;
Albendazole 400 mg comprimé;;;;;10; 198,00 ; 350,00 ;;;
Alcool 95%  100ml;;;;;10; 435,00 ; 500,00 ;;;
Aminophylline 25mg/ml injectable;;;;;10; 102,00 ; 300,00 ;;;
Aclav 1g/125g sachat;;;;;10; 3 400,00 ; 4 000,00 ;;;
Amoxicilline + Acide clavulanique  1200 mg injectable (CLAVICIN);;;;;10; -   ; 2 000,00 ;;;
Amoxicilline 250mg/5ml 100 ml sirop;;;;;10; 726,00 ; 1 150,00 ;;;
Amoxicilline 500 mg comprimé;;;;;10; 34,20 ; 45,00 ;;;
Amoxicilline 500 mg géllule;;;;;10; 28,00 ; 45,00 ;;;
Ampicilline 1g injectable;;;;;10; 171,60 ; 250,00 ;;;
Antitoxine tétanique 1500 UI injectable;;;;;10; 800,00 ; 1 150,00 ;;;
Artemether + Lumefantrine 180/1080 mg suspension;;;;;10; 1 700,00 ; 2 500,00 ;;;
Artemether + Lumfantrine 80/480mg comprimé (COMBIART);;;;;10; 1 731,00 ; 2 000,00 ;;;
Artemether 80 mg injectable;;;;;10; 508,48 ; 600,00 ;;;
Artesunate 60 mg injectable;;;;;10; 600,00 ; 1 000,00 ;;;
Atropine Sulf 1 mg injectable;;;;;10; 230,00 ; 400,00 ;;;
Azithromycine 200mg/5mL sirop;;;;;10; 869,56 ; 1 000,00 ;;;
Azithromycine 500 mg comprimé;;;;;10; 1 650,00 ; 2 200,00 ;;;
Benzathinepéni 2,4 MUI injectable;;;;;10; 356,40 ; 410,00 ;;;
Benzylpénicilline 5 MUI injectable;;;;;10; 200,00 ; 425,00 ;;;
Bupivacaine 5mg/ml injectable;;;;;10; 4 776,00 ; -   ;;;
Carbamazépine 200mg comprimé;;;;;10; 25,00 ; 70,00 ;;;
Carbocistéine 5 % adulte 100 ml sirop;;;;;10; 759,00 ; 925,00 ;;;
Carbocistéine sirop 2 % enft 100 ml sirop;;;;;10; 545,44 ; 650,00 ;;;
Carnet de recus;;;;;10; 1 652,40 ; -   ;;;
Cefixime 200 mg cp;;;;;10; 3 500,00 ; 4 500,00 ;;;
Ceftriaxone 1 g injectable;;;;;10; 330,00 ; 700,00 ;;;
Chlorhexidine gluconate 5% 1000mL;;;;;10; 3 000,00 ; 5 000,00 ;;;
Chlorhexidine gluconate 5% 500mL;;;;;10; 1 500,00 ; 3 000,00 ;;;
Chlorhydrate deTramadol  100 mg injectable;;;;;10; 450,00 ; 700,00 ;;;
Chlorphéniramine 4 mg comprimé;;;;;10; 10,00 ; 15,00 ;;;
Chlorure de potassium 10 ml injectable;;;;;10; 150,00 ; 250,00 ;;;
Chlorure de Sodium 10 % 10 ml injectable;;;;;10; 100,00 ; 200,00 ;;;
Ciprofloxacine 500 mg comprimé;;;;;10; 67,86 ; 80,00 ;;;
Ciprofloxacine100mg/50 ml perfusion;;;;;10; 900,00 ; 1 500,00 ;;;
Clotrimazole 500 mg ovule (MYCORIL);;;;;10; -   ; 4 500,00 ;;;
Cloxacilline 500 mg injectable;;;;;10; 304,00 ; 350,00 ;;;
Cloxacilline 500 mg sous gélule;;;;;10; 52,00 ; 60,00 ;;;
Dexamethasone 0,5 mg;;;;;10; 5,00 ; 25,00 ;;;
Dexamethasone 4mg/ml injectable;;;;;10; 81,44 ; 100,00 ;;;
Diazépam 10 mg injectable;;;;;10; 396,00 ; 500,00 ;;;
Diclofenac75 inj ;;;;;10; 62,30 ; 100,00 ;;;
Diclofénac 50 mg comprimé gastro-resistant;;;;;10; 7,00 ; 10,00 ;;;
Dopamine 200mg/5ml solution à diluer pour perfusion;;;;;10; 936,00 ; -   ;;;
Dossier médical;;;;;10; 700,00 ; 1 000,00 ;;;
Doxycycline 100 mg comprimé;;;;;10; 27,00 ; 40,00 ;;;
Eau oxygénée solution à usage externe;;;;;10; 1 425,60 ; 1 650,00 ;;;
Eau pour injection 10 ml/5 ml à diluer;;;;;10; 45,00 ; 100,00 ;;;
Ephedrine 30mg/10ml injectable;;;;;10; 3 948,00 ; -   ;;;
Erythromycine 500 mg comprimé;;;;;10; 48,00 ; 55,00 ;;;
Fentanyl 0,5mg/10ml injectable;;;;;10; 2 160,00 ; -   ;;;
Fer + acide folique comprimé;;;;;10; 10,00 ; 15,00 ;;;
Fer + B 12 sirop 200 ml sirop;;;;;10; 1 025,00 ; 1 600,00 ;;;
Fluconazole 200 mg comprimé;;;;;10; 85,00 ; 1 000,00 ;;;
Fluphénazine 25 mg injectable (Modecate);;;;;10; 1 100,00 ; 200,00 ;;;
Formol;;;;;10; 3 564,00 ; 4 000,00 ;;;
Furosémide 10 mg injectable;;;;;10; 72,00 ; 200,00 ;;;
Gélatine modifiée 500 ml;;;;;10; 4 000,00 ; 5 000,00 ;;;
Gentamycine  80 mg mg injectable;;;;;10; 85,82 ; 100,00 ;;;
Gentamycine collyre 10 ml;;;;;10; 330,00 ; 400,00 ;;;
Glibenclamide 5 mg comprimé;;;;;10; 10,56 ; 15,00 ;;;
Gluconate de calcium 10% mg injectable;;;;;10; 105,00 ; 150,00 ;;;
Glucose 10 % 500 ml;;;;;10; 687,26 ; 800,00 ;;;
Glucose 5 % 1000 ml;;;;;10; 900,00 ; 1 385,00 ;;;
Glucose 5 % 500 ml;;;;;10; 660,00 ; 900,00 ;;;
Glucose 5% + Salé 9% 500 ml;;;;;10; 766,46 ; 885,00 ;;;
Halothane 250 ml;;;;;10; 29 880,00 ; -   ;;;
Ibuprofène 400 mg comprimé;;;;;10; 12,52 ; 20,00 ;;;
Ketamine 50mg/ml injectable;;;;;10; 3 000,00 ; 3 500,00 ;;;
KIT accouchement;;;;;10; 3 800,00 ; 6 000,00 ;;;
KIT césarienne;;;;;10; 29 000,00 ; 40 000,00 ;;;
Lidocaïne 2% 50 ml;;;;;10; 1 320,00 ; 1 550,00 ;;;
Mannitol 20% 250 ml;;;;;10; 1 518,00 ; 1 875,00 ;;;
Metformine 500 mg comprimé;;;;;10; 11,00 ; 15,00 ;;;
Métoclopramide100 mg injectable;;;;;10; 85,80 ; 100,00 ;;;
Métronidazole 125mg/5ml  sirop;;;;;10; 560,00 ; 700,00 ;;;
Métronidazole 250 mg comprimé;;;;;10; 5,90 ; 10,00 ;;;
Métronidazole 500 mg comprimé;;;;;10; 13,20 ; 20,00 ;;;
Métronidazole 500mg/100ml perfusion;;;;;10; 528,00 ; 650,00 ;;;
Miconazole pommade;;;;;10; 455,00 ; 1 000,00 ;;;
Misoprostol 200 mg comprimé;;;;;10; 660,00 ; 800,00 ;;;
Morphine 10mg/1ml injectable;;;;;10; 1 152,00 ; -   ;;;
Multi vitamine sirop;;;;;10; 660,00 ; 1 000,00 ;;;
Multi Vitamines comprimé;;;;;10; 13,00 ; 15,00 ;;;
Neomycine pommade;;;;;10; 385,59 ; 1 000,00 ;;;
Nicarpidine 10mg/10ml   injectable;;;;;10; 1 752,00 ; 2 050,00 ;;;
Noradrenaline 2mg/ml  8mg/4ml injectable;;;;;10; 1 980,00 ; -   ;;;
Nystatine 50 000 UI sirop  ML;;;;;10; 726,00 ; 900,00 ;;;
Nystatine 100 000 UI;;;;;10; 66,00 ; 80,00 ;;;
Nystatine 500 000 UI comprimé;;;;;10; 55,44 ; 65,00 ;;;
Oxytocine;;;;;10; -   ; -   ;;;
Oméprazole 20 mg capsule;;;;;10; 46,20 ; 100,00 ;;;
Oméprazole 40 mg injectable;;;;;10; 870,00 ; 1 500,00 ;;;
Paracétamol 1 G  perfusion;;;;;10; 900,00 ; 2 000,00 ;;;
Paracétamol 1 g comprimé effervescent (EFFERALGAN);;;;;10; 870,00 ; 1 100,00 ;;;
Paracétamol 120 mg sirop;;;;;10; 594,00 ; 700,00 ;;;
Paracétamol 125mg + Ibuprofene 100mg /5mL sirop;;;;;10; 700,00 ; 1 000,00 ;;;
Paracétamol 500 mg comprimé;;;;;10; 10,00 ; 10,00 ;;;
Phénobarbital 100 mg comprimé;;;;;10; 80,00 ; 80,00 ;;;
Phénobarbital 200 mg injectable;;;;;10; 1 000,00 ; 1 500,00 ;;;
Phloroglucinol 4 ml injectable;;;;;10; 400,00 ; 500,00 ;;;
Polyvidone 10% 125 ml PM;;;;;10; 1 386,00 ; 1 650,00 ;;;
Polyvidone rouge 125 ml;;;;;10; 1 500,00 ; -   ;;;
Polyvidone rouge 500 ml;;;;;10; 3 000,00 ; -   ;;;
Prednisolone 5 mg comprimé;;;;;10; 12,50 ; 15,00 ;;;
Propofol 10mg/ml injectable;;;;;10; 3 480,00 ; -   ;;;
Propofol 20mg/ml injectable;;;;;10; 8 760,00 ; -   ;;;
Quinine 300 mg comprimé;;;;;10; 65,00 ; 75,00 ;;;
Quinine 600 mg injectable;;;;;10; 200,00 ; 250,00 ;;;
Ranitidine 50mg/2 ml injectable;;;;;10; 235,00 ; 350,00 ;;;
Ringer lactate 500 ml;;;;;10; 672,00 ; 800,00 ;;;
Ringer lactate 1000 ml;;;;;10; 1 491,00 ; 1 600,00 ;;;
Salbutamol  spray aérosol;;;;;10; 1 716,00 ; 2 100,00 ;;;
Seringue 10cc;;;;;10; 56,76 ; 100,00 ;;;
Seringue à UU 2 ml;;;;;10; 39,13 ; 50,00 ;;;
Seringue à UU 5 ml;;;;;10; 37,16 ; 50,00 ;;;
Sodium chlorure 0.9 % 500 ml;;;;;10; 533,00 ; 800,00 ;;;
Speculium;;;;;10; 250,00 ; 450,00 ;;;
Sulfaméthoxazole + Triméthoprime 240mg/5ml sirop (Cotrimoxazole);;;;;10; 595,00 ; 700,00 ;;;
Sulfaméthoxazole + Triméthoprime 480 mg comprimé  (Cotrimoxazole);;;;;10; 12,00 ; 20,00 ;;;
Sulfate de magnésium injectable;;;;;10; 500,00 ; 800,00 ;;;
Tétracycline pommade;;;;;10; 310,00 ; 400,00 ;;;
Thiopental 1 g injectable;;;;;10; 4 036,00 ; -   ;;;
Trimetabol sirop;;;;;10; 2 600,00 ; 3 000,00 ;;;
Vitamine B complexe comprimé;;;;;10; 11,30 ; 15,00 ;;;
Vitamine B complexe injectable;;;;;10; 159,00 ; 175,00 ;;;
Vitamine K 1 injectable;;;;;10; 400,00 ; 150,00 ;;;
Zinc-Ora sachet;;;;;10; 561,00 ; 650,00 ;;;
Aiguille à ponction lombaire;;;;;10; 608,69 ; 700,00 ;;;
Aiguille épic N° 23;;;;;10; 48,00 ; 100,00 ;;;
Aiguille épic N° 25;;;;;10; 48,00 ; 100,00 ;;;
Bande  velpeau 4 x 10 cm;;;;;10; 264,00 ; 300,00 ;;;
Carnet de santé;;;;;10; 220,00 ; 250,00 ;;;
Catheter G 18;;;;;10; 224,40 ; 240,00 ;;;
Catheter G 20;;;;;10; 224,40 ; 240,00 ;;;
Catheter G22;;;;;10; 224,70 ; 300,00 ;;;
Cathéter G 24;;;;;10; 240,00 ; 350,00 ;;;
Compresse stérile 40 x 40cm;;;;;10; 79,20 ; 100,00 ;;;
Coton  500 g;;;;;10; 2 468,40 ; -   ;;;
Coton hydrophile;;;;;10; 70,00 ; 150,00 ;;;
Fil de suture Nylon 1.0;;;;;10; 1 000,00 ; 1 500,00 ;;;
Fil de suture Nylon 2;;;;;10; 1 000,00 ; 1 500,00 ;;;
Fil de suture Nylon 2.0;;;;;10; 1 000,00 ; 1 500,00 ;;;
Gants d’examen latex non stérile;;;;;10; 69,00 ; 100,00 ;;;
Lame de bistouri;;;;;10; 72,00 ; 100,00 ;;;
Perfuseur simple;;;;;10; 182,60 ; 300,00 ;;;
Poche à sang 250ml;;;;;10; 1 584,00 ; 1 850,00 ;;;
Poche à sang 450 ml;;;;;10; 2 046,00 ; 2 400,00 ;;;
Poche à urine;;;;;10; 396,00 ; 700,00 ;;;
Sonde de Foley N°20;;;;;10; 495,00 ; 1 000,00 ;;;
Sonde nasogastrique N° 10;;;;;10; 2 000,00 ; 3 000,00 ;;;
Sonde nasogastrique N° 12;;;;;10; 2 000,00 ; 3 000,00 ;;;
Sonde nasogastrique N° 14;;;;;10; 2 000,00 ; 3 000,00 ;;;
Sonde nasogastrique N° 16;;;;;10; 1 000,00 ; 3 000,00 ;;;
Sonde nasogastrique N° 18;;;;;10; 1 000,00 ; 3 000,00 ;;;
Sonde nasogastrique N° 5;;;;;10; 2 000,00 ; 3 000,00 ;;;
Sonde nasogastrique N° 6;;;;;10; 2 000,00 ; 3 000,00 ;;;
Sonde nasogastrique N° 8;;;;;10; 2 000,00 ; 3 000,00 ;;;
Sonde Urinaire N° 22 03 Voies;;;;;10; 2 000,00 ; 3 000,00 ;;;
Sonde Urinaire N°14;;;;;10; 495,00 ; 1 000,00 ;;;
Sonde Urinaire N°16;;;;;10; 561,00 ; 1 000,00 ;;;
Sonde Urinaire N°18;;;;;10; 561,00 ; 1 000,00 ;;;
Sonde Urinaire N°8;;;;;10; 2 000,00 ; 3 000,00 ;;;
Cytéal solution;;;;;10; 2 500,00 ; 250,00 ;;;
Thermomètre electrique;;;;;10; 1 300,00 ; 1 500,00 ;;;
Transfuseur;;;;;10; 330,00 ; 500,00 ;;;
Vicryl N° 0;;;;;10; 1 500,00 ; 2 500,00 ;;;
Vicryl N° 1;;;;;10; 1 500,00 ; 2 500,00 ;;;
Vicryl N° 2;;;;;10; 1 500,00 ; 2 500,00 ;;;
Vicryl N° 2 / 0;;;;;10; 1 500,00 ; 2 500,00 ;;;
Vicryl N°3 / 0;;;;;10; 1 500,00 ; 2 500,00 ;;;
Gants stériles T 7.5 et 8;;;;;10; 264,00 ; 300,00 ;;;
Acide urique;;;;;10; 35 000,00 ; -   ;;;
Acide sulfurique;;;;;10; 25 000,00 ; -   ;;;
Alat;;;;;10; 40 000,00 ; -   ;;;
Asat;;;;;10; 25 000,00 ; -   ;;;
Aslo;;;;;10; 25 000,00 ; -   ;;;
Bandelettes accu-chek B/50;;;;;10; 20 000,00 ; -   ;;;
Bandelettes one touch B/25;;;;;10; 6 250,00 ; -   ;;;
Bandelettes d'hemoglobine;;;;;10; 20 000,00 ; -   ;;;
Bleu de méthylène;;;;;10; 40 000,00 ; -   ;;;
Calcium;;;;;10; 40 000,00 ; -   ;;;
Chlamydiae;;;;;10; 40 000,00 ; -   ;;;
Cholesterol;;;;;10; 50 000,00 ; -   ;;;
Chlorures;;;;;10; 50 000,00 ; -   ;;;
Combi test 3;;;;;10; 8 000,00 ; -   ;;;
Combi test 11;;;;;10; 15 000,00 ; -   ;;;
Creatinine;;;;;10; 35 000,00 ; -   ;;;
CRP tests;;;;;10; 25 000,00 ; -   ;;;
DBS;;;;;10; -   ; -   ;;;
Detergent urit;;;;;10; 55 000,00 ; -   ;;;
Determine B/100;;;;;10; 450,00 ; 1 000,00 ;;;
Diluent;;;;;10; 55 000,00 ; -   ;;;
Ecouvillon;;;;;10; 8 000,00 ; -   ;;;
Electrophorèse Hb;;;;;10; 350 000,00 ; -   ;;;
Embouts bleus;;;;;10; 8 000,00 ; -   ;;;
Embouts jaunes;;;;;10; 8 000,00 ; -   ;;;
Fuschine litre;;;;;10; 40 000,00 ; -   ;;;
G-test;;;;;10; 1 250,00 ; -   ;;;
Giemsa rapide 0,5 litre;;;;;10; 20 000,00 ; -   ;;;
Giemsa rapide 1 litre;;;;;10; 40 000,00 ; -   ;;;
Glucose;;;;;10; 40 000,00 ; -   ;;;
HBS Cassettes;;;;;10; 40 000,00 ; -   ;;;
HcV Cassettes;;;;;10; 40 000,00 ; -   ;;;
HDL Cholesterol;;;;;10; 50 000,00 ; -   ;;;
H Pylori B/50 Bandelettes;;;;;10; 40 000,00 ; -   ;;;
Hémoglobine glyquée;;;;;10; 150 000,00 ; -   ;;;
Huile à immersion;;;;;10; 20 000,00 ; -   ;;;
Lame porte objets;;;;;10; 3 000,00 ; -   ;;;
Lugol 500 ml ou 1 litre;;;;;10; 18 000,00 ; -   ;;;
Lyse pour cell dyn 1800;;;;;10; 90 000,00 ; -   ;;;
Magnesium;;;;;10; 40 000,00 ; -   ;;;
Oraquick hiv 1/2;;;;;10; -   ; -   ;;;
Potassium;;;;;10; 50 000,00 ; -   ;;;
Probe cleaner;;;;;10; 25 000,00 ; -   ;;;
PSA;;;;;10; 50 000,00 ; -   ;;;
Rubéole Bandelettes;;;;;10; 40 000,00 ; -   ;;;
Sodium;;;;;10; 50 000,00 ; -   ;;;
Speculum;;;;;10; 300,00 ; 750,00 ;;;
Test de groupage sanguin;;;;;10; 20 000,00 ; -   ;;;
TDR;;;;;10; -   ; -   ;;;
Toxoplasmose;;;;;10; 50 000,00 ; -   ;;;
TPHA Cassettes;;;;;10; 50 000,00 ; -   ;;;
Triglyceride;;;;;10; 40 000,00 ; -   ;;;
Tubes à hémolyse;;;;;10; 35 000,00 ; -   ;;;
Tubes EDTA;;;;;10; 8 000,00 ; -   ;;;
Tubes héparinés;;;;;10; 12 000,00 ; -   ;;;
Tubes secs;;;;;10; 8 000,00 ; -   ;;;
Urée sanguine;;;;;10; 35 000,00 ; -   ;;;
Violet de gentiane;;;;;10; 40 000,00 ; -   ;;;
Widal;;;;;10; 25 000,00 ; -   ;;;
Film radio 24 x 30;;;;;10; 39 604,00 ; -   ;;;
Film radio 30 x 40;;;;;10; 54 455,00 ; -   ;;;
Film radio 35 x 35;;;;;10; 69 307,00 ; -   ;;;
Film radio 35 x 43;;;;;10; 74 257,00 ; -   ;;;
Revélateur;;;;;10; 41 580,00 ; -   ;;;
Fixateur;;;;;10; 24 948,00 ; -   ;;;
Gel échographique;;;;;10; 18 000,00 ; -   ;;;
Papier échographie;;;;;10; 18 000,00 ; -   ;;;
Papier filtre paquet/100;;;;;10; -   ; -   ;;;
Paper Towelt paquet/4500;;;;;10; -   ; -   ;;;
Pots à selle;;;;;10; 140,00 ; -   ;;;
Pots à urine;;;;;10; 180,00 ; -   ;;;
Crachoirs;;;;;10; -   ; -   ;;;
Gene expert HIV;;;;;10; -   ; -   ;;;
Rx Crâne F/P;;;;;10; -   ; 7 500,00 ;;;
Rx Crane (Sinus);;;;;10; -   ; 5 000,00 ;;;
Rx Thorax Face;;;;;10; -   ; 5 000,00 ;;;
Rx Thorax Osseux (Grill costal);;;;;10; -   ; 7 500,00 ;;;
Rx Thorax F/P;;;;;10; -   ; 7 500,00 ;;;
Rx Rachis Cervical F/P;;;;;10; -   ; 8 000,00 ;;;
Rx Rachis Cervical F/P + ¾;;;;;10; -   ; 10 000,00 ;;;
Rx Rachis Cervico-Dorsal F/P;;;;;10; -   ; 12 000,00 ;;;
Rx Rachis Dorsal F/P;;;;;10; -   ; 8 000,00 ;;;
Rx Rachis Dorso-lombaire F/P;;;;;10; -   ; 12 000,00 ;;;
Rx Rachis Lombaire F/P;;;;;10; -   ; 8 000,00 ;;;
Rx Rachis Lombaire F/P + ¾;;;;;10; -   ; 10 000,00 ;;;
Rx Rachis Lombo–sacrée F/P;;;;;10; -   ; 8 000,00 ;;;
Rx Rachis Lombaire (De Seze + Profil);;;;;10; -   ; 12 000,00 ;;;
Rx Asp Debout;;;;;10; -   ; 5 000,00 ;;;
Rx Asp Couché;;;;;10; -   ; 5 000,00 ;;;
Rx Epaule (03 rotations);;;;;10; -   ; 9 000,00 ;;;
Rx Clavicule F/P;;;;;10; -   ; 7 500,00 ;;;
Rx Bras (Humérus) F/P;;;;;10; -   ; 7 500,00 ;;;
Rx Coude F/P;;;;;10; -   ; 7 500,00 ;;;
Rx Avant-bras F/P;;;;;10; -   ; 7 500,00 ;;;
Rx Poignet F/P;;;;;10; -   ; 7 500,00 ;;;
Rx Main / doigts F/P;;;;;10; -   ; 7 500,00 ;;;
Rx Membre Supérieur 2 Segments F/P;;;;;10; -   ; 12 000,00 ;;;
Rx Membre inférieur 2 Segments F/P;;;;;10; -   ; 12 000,00 ;;;
Rx Cuisse (Fémur) F/P;;;;;10; -   ; 7 500,00 ;;;
Rx Genou F/P;;;;;10; -   ; 7 500,00 ;;;
Rx Genou F/P et Axial 30°/60°;;;;;10; -   ; 9 000,00 ;;;
Rx Jambe (Tibia) F/P;;;;;10; -   ; 7 500,00 ;;;
Rx Cheville F/P;;;;;10; -   ; 7 500,00 ;;;
Rx Pied Face et Oblique;;;;;10; -   ; 7 500,00 ;;;
Rx Pied F/P et Oblique;;;;;10; -   ; 8 500,00 ;;;
Rx Membre Inferieur Télémétrie;;;;;10; -   ; -   ;;;
Rx Bassin;;;;;10; -   ; 7 000,00 ;;;
Rx Bassin + Hanche;;;;;10; -   ; 9 000,00 ;;;
Rx Pelvimétrie;;;;;10; -   ; -   ;;;
Rx Télérachis + Mesure;;;;;10; -   ; -   ;;;
Rx Paudométrie;;;;;10; -   ; -   ;;;
Galactographie;;;;;10; -   ; -   ;;;
Hystérosalpingographie (HSG);;;;;10; -   ; 18 000,00 ;;;
Urographie Intra Veineuse (UIV);;;;;10; -   ; 15 000,00 ;;;
Urétro-Cystographie Rétrograde et Mictionnelle;;;;;10; -   ; 15 000,00 ;;;
Sialographie;;;;;10; -   ; -   ;;;
Fistulographie;;;;;10; -   ; -   ;;;
Transit Oeso Gastro Duodenal (TOGD);;;;;10; -   ; 20 000,00 ;;;
Transit Œsophagien;;;;;10; -   ; 15 000,00 ;;;
Transit Du Grèle;;;;;10; -   ; 20 000,00 ;;;
Lavement opaque aux Hydrosolubles;;;;;10; -   ; 18 000,00 ;;;
Lavement Baryté Mono Contraste;;;;;10; -   ; 18 000,00 ;;;
Saccoradiculographie;;;;;10; -   ; -   ;;;
Arthrographie Opaque;;;;;10; -   ; -   ;;;
Echographie pelvienne;;;;;10; -   ; 6 000,00 ;;;
Echographie Pelvienne Endovaginale;;;;;10; -   ; 7 500,00 ;;;
Echographie Obstétricale;;;;;10; -   ; 6 000,00 ;;;
Echographie Abdominale;;;;;10; -   ; 6 000,00 ;;;
Echographie Abdomino-Pelvienne;;;;;10; -   ; 9 000,00 ;;;
Echographie Prostatique;;;;;10; -   ; 8 000,00 ;;;
Echographie Testiculaire;;;;;10; -   ; 10 000,00 ;;;
Echographie Réno-vésicale (voies urinaires);;;;;10; -   ; 8 000,00 ;;;
Echographie Thyroïde;;;;;10; -   ; 10 000,00 ;;;
Echographie Oculaire;;;;;10; -   ; -   ;;;
Echographie Mammaire;;;;;10; -   ; 10 000,00 ;;;
Echographie Partie Molles;;;;;10; -   ; 10 000,00 ;;;
Echographie Transfontanellaire;;;;;10; -   ; -   ;;;
Echographie Articulaire;;;;;10; -   ; 12 000,00 ;;;
Hystérosonographie (HSN);;;;;10; -   ; -   ;;;
Echographie Doppler Vaisseaux du cou;;;;;10; -   ; -   ;;;
Echographie Doppler Veineux MI;;;;;10; -   ; -   ;;;
Echographie Doppler Veineux MS;;;;;10; -   ; -   ;;;
Echographie Doppler Artérielle MI;;;;;10; -   ; -   ;;;
Echographie Doppler Artérielle MS;;;;;10; -   ; -   ;;;
Echographie Doppler Veineux et Artérielle MI;;;;;10; -   ; -   ;;;
Echographie Doppler Veineux et Artérielle MS;;;;;10; -   ; -   ;;;
Echographie Vaisseaux abdominaux;;;;;10; -   ; -   ;;;
Echographie Vaisseaux testiculaires;;;;;10; -   ; -   ;;;
Echographie Cordon Ombilical du fÔtus;;;;;10; -   ; -   ;;;
Echographie Morphologie foetale;;;;;10; -   ; -   ;;;
Echographie Profil biophysiologique foetal;;;;;10; -   ; -   ;;;
Echographie cardiaque;;;;;10; -   ; -   ;;;
ECG;;;;;10; -   ; 7 000,00 ;;;
Scanner TAP;;;;;10; -   ; 100 000,00 ;;;
Scanner thoracique avec injection du PDC;;;;;10; -   ; 80 000,00 ;;;
Scanner rachis cervical;;;;;10; -   ; 60 000,00 ;;;
Scanner rachis dorsal;;;;;10; -   ; 60 000,00 ;;;
Scanner rachis lombaire;;;;;10; -   ; 60 000,00 ;;;
Scanner rachis cervico-dorsal;;;;;10; -   ; 80 000,00 ;;;
Scanner rachis dorso-lombaire;;;;;10; -   ; 80 000,00 ;;;
Scanner rachis complet;;;;;10; -   ; 90 000,00 ;;;
Scanner cérébral sans injection du PDC;;;;;10; -   ; 60 000,00 ;;;
Scanner cérébral avec injection du PDC;;;;;10; -   ; 80 000,00 ;;;
Pelvis scanner;;;;;10; -   ; 60 000,00 ;;;
Uroscanner;;;;;10; -   ; 80 000,00 ;;;
Poche de sang;;;;;10; -   ; 15 000,00 ;;;
Accouchement simple (chèque santé);;;;;10; -   ; 6 000,00 ;;;
Acouchement par césarienne (chèque santé);;;;;10; -   ; 40 000,00 ;;;
Consultation généraliste;;;;;10; -   ; 1 000,00 ;;;
Consultation chirurgienne;;;;;10; -   ; 2 000,00 ;;;
Consultation dentiste;;;;;10; -   ; 2 000,00 ;;;
Consultation Gynécologique ;;;;;10; -   ; 2 000,00 ;;;
Consultation Santé mantale;;;;;10; -   ; 2 000,00 ;;;
Hospitalisation salle commune/Jour;;;;;10; -   ; 200,00 ;;;
Hospitalisation Box / Jour;;;;;10; -   ; 500,00 ;;;
Hospitalisation cabine;;;;;10; -   ; 2 000,00 ;;;
Hosptalisation réanimation;;;;;10; -   ; 1 000,00 ;;;
Hospitalisation salle d'observation;;;;;10; -   ; -   ;;;
Morgue / frais par jour;;;;;10; -   ; 5 000,00 ;;;
Soin infirmier;;;;;10; -   ; 500,00 ;;;
Petit calcul vésical ;;;;;10; -   ; 90 000,00 ;;;
Gros calcul;;;;;10; -   ; 120 000,00 ;;;
Drain thoracique ;;;;;10; -   ; 70 000,00 ;;;
Parage ;;;;;10; -   ; 70 000,00 ;;;
Appendicite ;;;;;10; -   ; 120 000,00 ;;;
Hernie;;;;;10; -   ; 120 000,00 ;;;
Laparotomie;;;;;10; -   ; 180 000,00 ;;;
Myomectomie;;;;;10; -   ; 150 000,00 ;;;
Poly myomectomie;;;;;10; -   ; 180 000,00 ;;;
Hystérectomie subtotal;;;;;10; -   ; 180 000,00 ;;;
"Hystérectomie total;";;;;;10; -   ; 200 000,00 ;;;
Lombotomie;;;;;10; -   ; 200 000,00 ;;;
Néphrectomie;;;;;10; -   ; 200 000,00 ;;;
Kystectomie;;;;;10; -   ; 90 000,00 ;;;
Polykystectomie;;;;;10; -   ; 150 000,00 ;;;
Thyroïdectomie simple;;;;;10; -   ; 180 000,00 ;;;
Thyroïdectomie complexe;;;;;10; -   ; 250 000,00 ;;;
Ostéosynthèse fémur;;;;;10; -   ; 450 000,00 ;;;
Ostéosynthèse tibia et péroné;;;;;10; -   ; 350 000,00 ;;;
Ostéosynthèse avant-bras;;;;;10; -   ; 250 000,00 ;;;
Ostéosynthèse bras;;;;;10; -   ; 350 000,00 ;;;
Ostéosynthèse clavicule;;;;;10; -   ; 180 000,00 ;;;
GEU non rompue;;;;;10; -   ; 120 000,00 ;;;
Prostatectomie;;;;;10; -   ; 250 000,00 ;;;
Colostomie;;;;;10; -   ; 180 000,00 ;;;
Recto cystocèle;;;;;10; -   ; 150 000,00 ;;;
Hydrocèle;;;;;10; -   ; 120 000,00 ;;;
Prolapsus utérin;;;;;10; -   ; 150 000,00 ;;;
Amputation membre supérieur;;;;;10; -   ; 120 000,00 ;;;
Amputation membre inferieur;;;;;10; -   ; 150 000,00 ;;;
Césarienne;;;;;10; -   ; 40 000,00 ;;;
Débridement;;;;;10; -   ; 70 000,00 ;;;
Circoncision;;;;;10; -   ; 10 000,00 ;;;
Petite lipome;;;;;10; -   ; 50 000,00 ;;;
Grande lipome;;;;;10; -   ; 70 000,00 ;;;
Mastectomie;;;;;10; -   ; 120 000,00 ;;;
Saucerisation;;;;;10; -   ; 130 000,00 ;;;
Trépanation;;;;;10; -   ; 150 000,00 ;;;
Lever d’embarrure;;;;;10; -   ; 180 000,00 ;;;
Amos;;;;;10; -   ; 120 000,00 ;;;
Extraction dent de lait;;;;;10; -   ; 5 000,00 ;;;
Extraction dent permanante;;;;;10; -   ; 7 000,00 ;;;
Extraction dent enclavée;;;;;10; -   ; 10 000,00 ;;;
Extraction multiple (première dent);;;;;10; -   ; 6 000,00 ;;;
Extraction multiple (dents suivantes);;;;;10; -   ; 10 000,00 ;;;
Extraction chirurgicale;;;;;10; -   ; 15 000,00 ;;;
Freinectomie te freinotomie;;;;;10; -   ; 5 500,00 ;;;
Incision et drainage cellulite;;;;;10; -   ; 10 000,00 ;;;
Regularisation crêtes/curetage poche;;;;;10; -   ; 6 000,00 ;;;
Exerese capuchon muqueux;;;;;10; -   ; 5 000,00 ;;;
Exerese épulis;;;;;10; -   ; 15 000,00 ;;;
Detartage simple;;;;;10; -   ; 6 000,00 ;;;
Detartage complexe;;;;;10; -   ; 10 000,00 ;;;
Reinplantation;;;;;10; -   ; 20 000,00 ;;;
Luxation ATM;;;;;10; -   ; 10 000,00 ;;;
Ligature metallique dent mobile;;;;;10; -   ; 11 000,00 ;;;
Artele métallique avec composite;;;;;10; -   ; 17 000,00 ;;;
Alveolo-dentaire;;;;;10; -   ; 10 000,00 ;;;
Os maxillaire sans deplacement;;;;;10; -   ; 20 000,00 ;;;
Os maxillaire avec deplacement;;;;;10; -   ; 35 000,00 ;;;
Mandibule unifocale;;;;;10; -   ; 40 000,00 ;;;
Blocage bi-maxillaire;;;;;10; -   ; 60 000,00 ;;;
Devitalisation  dent mono-radiculaire;;;;;10; -   ; 10 000,00 ;;;
Devitalisation dent pluri radiculaire;;;;;10; -   ; 20 000,00 ;;;
Obturation simple à l'eugemate;;;;;10; -   ; 6 000,00 ;;;
Obturation  à l'amaigame;;;;;10; -   ; 9 000,00 ;;;
Reconstitution complexe à l'amalgame;;;;;10; -   ; 12 000,00 ;;;
Composite simple;;;;;10; -   ; 10 000,00 ;;;
Composite sur cavité composée;;;;;10; -   ; 15 000,00 ;;;
CVI sur dent de lait;;;;;10; -   ; 5 000,00 ;;;
CVI sur dent permanente;;;;;10; -   ; 8 000,00 ;;;
Adjointe une dent;;;;;10; -   ; 25 000,00 ;;;
Adjointe pour toute dent suivante;;;;;10; -   ; 10 000,00 ;;;
Rx retro alvélaire;;;;;10; -   ; 5 000,00 ;;;
Rx panaromique;;;;;10; -   ; 15 000,00 ;;;
NFS/Exem;;;;;10; -   ; 4 000,00 ;;;
CRP;;;;;10; -   ; 2 000,00 ;;;
TRANSFUSION SANGUINE;;;;;10; -   ; 15 000,00 ;;;
TRANSFUSION SANGUINE;;;;;10; -   ; 27 400,00 ;;;
CREATINEMIE/Exem;;;;;10; -   ; 2 500,00 ;;;
UREE SANGUINE/Exem;;;;;10; -   ; 2 000,00 ;;;
ASAT/Exem;;;;;10; -   ; 2 500,00 ;;;
ALAT/Exem;;;;;10; -   ; 2 500,00 ;;;
CHOLESTEROL/Exem;;;;;10; -   ; 2 500,00 ;;;
ACIDE URIQUE/Exem;;;;;10; -   ; 2 500,00 ;;;
GAMMA G.T/Exem;;;;;10; -   ; 2 100,00 ;;;
CHLAMIDIA/Exem;;;;;10; -   ; 6 000,00 ;;;
AgHBS/Exem ;;;;;10; -   ; 3 000,00 ;;;
AcHVC;;;;;10; -   ; 3 000,00 ;;;
ASLO/Exem;;;;;10; -   ; 3 000,00 ;;;
TAUX D’HEMOGLOBINE/Exem;;;;;10; -   ; 1 500,00 ;;;
CALCEMIE/URECEMIE/Exem;;;;;10; -   ; 3 000,00 ;;;
GLYCEMIE A JEUN/Exem;;;;;10; -   ; 2 000,00 ;;;
VDRL/Exem;;;;;10; -   ; 1 500,00 ;;;
TPHA/Exem;;;;;10; -   ; 2 500,00 ;;;
BW/Exem ;;;;;10; -   ; 1 500,00 ;;;
BILIRUBINE/Exem;;;;;10; -   ; 2 000,00 ;;;
AMYLASEMIE/Exem;;;;;10; -   ; 2 500,00 ;;;
WIDAL/Exem ;;;;;10; -   ; 3 000,00 ;;;
CRACHAT/Exem ;;;;;10; -   ; 1 000,00 ;;;
SODIUM (NA)/Exem ;;;;;10; -   ; 2 000,00 ;;;
POTASSIUM (K)/Exem ;;;;;10; -   ; 2 000,00 ;;;
CHLORE (CL)/Exem ;;;;;10; -   ; 2 000,00 ;;;
MAGNESIURIE (MG)/Exem;;;;;10; -   ; 2 000,00 ;;;
MICRO FILAIRE (RMF)/Exem ;;;;;10; -   ; 1 500,00 ;;;
TEST D’EMMEL/Exem;;;;;10; -   ; 2 000,00 ;;;
TS (temps de saignement)/Exem;;;;;10; -   ; 1 500,00 ;;;
CULOT URNAIRE (CU)/Exem;;;;;10; -   ; 1 500,00 ;;;
CHOLESTEROL TOTAL/BILAN LIPIDIQUE/Exem;;;;;10; -   ; 6 800,00 ;;;
BANDELETTES URINAIRES/Exem;;;;;10; 2 500,00 ; 2 500,00 ;;;
PSA/Exem;;;;;10; -   ; 8 000,00 ;;;
PONCTION PLEURALE/Exem;;;;;10; -   ; 2 000,00 ;;;
ECBU/Exem;;;;;10; -   ; 2 000,00 ;;;
LCR PL/Exem;;;;;10; -   ; 2 000,00 ;;;
PU/Exem;;;;;10; -   ; 2 000,00 ;;;
PCV/Exem;;;;;10; -   ; 2 000,00 ;;;
GE;;;;;10; -   ; 1 500,00 ;;;
GS RH/Exem;;;;;10; -   ; 2 000,00 ;;;
SELLES/Exem;;;;;10; -   ; 1 200,00 ;;;
SPERMOGRAMME/Exem;;;;;10; -   ; 3 500,00 ;;;
CD4/Exem;;;;;10; -   ; 8 500,00 ;;;
GS/RHESUS/Exem;;;;;10; -   ; 2 000,00 ;;;
HIV/Exem;;;;;10; -   ; 1 000,00 ;;;
GLUCOSURIE/Exem;;;;;10; -   ; 1 000,00 ;;;
PROTEINURIE/Exem;;;;;10; -   ; 1 000,00 ;;;
VS/Exem;;;;;10; -   ; 1 500,00 ;;;
IONOGRAMME/Exem;;;;;10; -   ; 8 900,00 ;;;
SKIN TEST/Exem;;;;;10; -   ; 1 500,00 ;;;
ALBUMINE/Exem;;;;;10; -   ; 500,00 ;;;
SUCRE/Exem;;;;;10; -   ; 500,00 ;;;
ACITONIE/Exem;;;;;10; -   ; 1 000,00 ;;;
TRIGLYCERIDE/Exem;;;;;10; -   ; 2 000,00 ;;;
TEST D’EMMEL/Exem;;;;;10; -   ; 2 000,00 ;;;
RIVALTA/Exem;;;;;10; -   ; 2 000,00 ;;;
HEPATITE B et C/Exem;;;;;10; -   ; 6 000,00 ;;;
LIQUIDE DE PONCTION/Exem;;;;;10; -   ; 2 000,00 ;;;
PTME/Exem;;;;;10; -   ; -   ;;;
Hydralazine (APRESOLINE) inj;;;;;10; 1 000,00 ; 1 500,00 ;;;
Ofloxacine cp;;;;;10; 3 500,00 ; 4 500,00 ;;;
Cefotaxime 1g inj;;;;;10; 1 000,00 ; 3 500,00 ;;;
Glycemie controle;;;;;10; -   ; 1 000,00 ;;;
TDR examen;;;;;10; -   ; 200,00 ;;;
G test;;;;;10; -   ; 1 500,00 ;;;
H pylori;;;;;10; -   ; 2 500,00 ;;;
Toxo plasmos;;;;;10; -   ; 5 000,00 ;;;
Sparadra perforé;;;;;10; 183,33 ; 250,00 ;;;
Acte petit chirurgie;;;;;10; -   ; 3 000,00 ;;;
Acte accouchement;;;;;10; -   ; 3 000,00 ;;;
Acte chirurgical;;;;;10; -   ; 500,00 ;;;
Temps de coagulation;;;;;10; -   ; 1 500,00 ;;;
Lipomectomie;;;;;10; -   ; 50 000,00 ;;;
Amiu;;;;;10; -   ; 5 000,00 ;;;
Coton rouleau;;;;;10; 2 772,00 ; -   ;;;
Acte pansement;;;;;10; -   ; 500,00 ;;;
Sav;;;;;10; 17 000,00 ; 25 000,00 ;;;
Consultation ophtalmologie;;;;;10; -   ; 300,00 ;;;
Anafranil 25 mg cp;;;;;10; 3 500,00 ; 4 625,00 ;;;
Consultation Agé apparent;;;;;10; -   ; 900,00 ;;;
Electrophorèse Hb;;;;;10; -   ; 6 000,00 ;;;
Poche de colostomie;;;;;10; 500,00 ; 1 000,00 ;;;
CRACHAT/Exem / Gratuit;;;;;10; -   ; -   ;;;
Microfilaire;;;;;10; -   ; 1 500,00 ;;;
Fil de suture nylon 1;;;;;10; 417,00 ; 1 500,00 ;;;
Bulletin Visite Médicale;;;;;10; -   ; 4 100,00 ;;;
Seance kinetherapie;;;;;10; -   ; 3 550,00 ;;;
Hemoglobine glyquée;;;;;10; 1 100 000,00 ; -   ;;;
Consultation ORL;;;;;10; -   ; 5 000,00 ;;;
Prolapsus anal;;;;;10; -   ; 90 000,00 ;;;
Seringue 0.5 cc;;;;;10; 25,00 ; 50,00 ;;;
Seringue 1 cc;;;;;10; 25,00 ; 50,00 ;;;
Vecuronium 4 mg ;;;;;10; 7 000,00 ; 7 500,00 ;;;
DIU;;;;;10; 600,00 ; 1 000,00 ;;;
Sayana Press;;;;;10; 200,00 ; 255,00 ;;;
Cystostomie;;;;;10; -   ; 120 000,00 ;;;
Cetafor 1G inj IV;;;;;10; 2 400,00 ; 3 000,00 ;;;
Fiche de stock;;;;;10; 72,00 ; -   ;;;
EMBROCHAGE;;;;;10; -   ; 90 000,00 ;;;
Banque de sang;;;;;10; -   ; 27 400,00 ;;;
URETROPLASTIE;;;;;10; -   ; 150 000,00 ;;;
Plastron appendiculaire;;;;;10; -   ; 140 000,00 ;;;
Paraplegie;;;;;10; -   ; 3 500,00 ;;;
Monoplegie;;;;;10; -   ; 1 500,00 ;;;
Hemiplegie;;;;;10; -   ; 2 500,00 ;;;
Lombalgie;;;;;10; -   ; 2 000,00 ;;;
Lombociatalgie;;;;;10; -   ; 3 000,00 ;;;
IMC Tetraplegie;;;;;10; -   ; 2 000,00 ;;;
IMC Paraplegie;;;;;10; -   ; 1 500,00 ;;;
Faiblesse Musculaire;;;;;10; -   ; 2 000,00 ;;;
Raideur Musculaire;;;;;10; -   ; 2 000,00 ;;;
Cervicalgie;;;;;10; -   ; 1 000,00 ;;;
TDM Abdominal sans injection;;;;;10; -   ; 60 000,00 ;;;
TDM ABDOMINAL AVEC INJECTION;;;;;10; -   ; 80 000,00 ;;;
Debridement Simple;;;;;10; -   ; 70 000,00 ;;;
Debridement complexe;;;;;10; -   ; 150 000,00 ;;;
KOP;;;;;10; -   ; 150 000,00 ;;;
Drainage abces anal;;;;;10; -   ; 150 000,00 ;;;
Operation cataracte;;;;;10; -   ; 70 000,00 ;;;
AMIU;;;;;10; -   ; 5 000,00 ;;;
Lidocaine 10ml;;;;;10; -   ; 500,00 ;;;
Aspirine 300 mg comprimé;;;;;10; -   ; 20,00 ;;;
Loxen ( chlorhydrate de nicardipine ) 10mg/10mL;;;;;10; -   ; 1 200,00 ;;;
Analgin 500mL injectable;;;;;10; 150,00 ; 300,00 ;;;
Bicarbonate de sodium 0.84/10ml  injectable;;;;;10; -   ; 300,00 ;;;
BecloAsma aerosol;;;;;10; -   ; 2 100,00 ;;;
VDRL ;;;;;10; 20 000,00 ; -   ;;;
Bisoprolol 2.5mg comprimé;;;;;10; -   ; 1 000,00 ;;;
Catheter de la portion lombaire;;;;;10; -   ; 250,00 ;;;
Aspirine 300mg comprimé;;;;;10; -   ; 70,00 ;;;
Enalapril comprimé;;;;;10; -   ; 150,00 ;;;
Labetalol 5 mg/ml injectable;;;;;10; -   ; -   ;;;
Levonorgestrel 1.5 mg comprimé;;;;;10; -   ; 1 000,00 ;;;
Klipal( Paracetamol 600mg + Codeine 50mg ) comprime;;;;;10; 1 575,00 ; 1 850,00 ;;;
Tardyferon ( Sulfate ferreux ) 80mg comprime;;;;;10; 1 950,00 ; 2 500,00 ;;;
Tardyferon ( Sulfate ferreux heptahydraté ) 20mg/mL sirop;;;;;10; 3 800,00 ; 4 400,00 ;;;
Cefoken ( Céfixime 200mg ) Boite de 16 gellule;;;;;10; 5 250,00 ; 6 000,00 ;;;
Cefoken ( Céfixime 100mg/5mL ) sirop;;;;;10; 4 000,00 ; 4 500,00 ;;;
Alcool 95° 1L;;;;;10; 2 112,00 ; -   ;;;
Aiguille vaccutanaire;;;;;10; 6 000,00 ; -   ;;;
Dinitrate d'isosorbide 5mg comprimé;;;;;10; -   ; 15,00 ;;;
Hemmoglobine glyque;;;;;10; -   ; 7 000,00 ;;;
Lamelle B/1000;;;;;10; -   ; -   ;;;
Dinitrate d'isosorbide 10mg injectable;;;;;10; -   ; 150,00 ;;;
LAVAGE GASTRIQUE;;;;;10; -   ; 20 000,00 ;;;
Amoxicilline 125mg/5ml sirop;;;;;10; 800,00 ; 950,00 ;;;
Amoxicilline 250mg comprime;;;;;10; 15,00 ; 20,00 ;;;
Norlevo;;;;;10; -   ; 1 000,00 ;;;
Amlodipine 5 mg comprimé;;;;;10; 100,00 ; 150,00 ;;;
Benzylpenicilline 1 MUI injectable;;;;;10; 150,00 ; 250,00 ;;;
Clotrimazole 500 mg ovule;;;;;10; 1 000,00 ; 1 500,00 ;;;
Gentamycine 40 mg injectable;;;;;10; 50,00 ; 50,00 ;;;
Glucose 500 mg/ml 50 ml ;;;;;10; 700,00 ; 1 000,00 ;;;
Hydrochlorothiazide 25 mg comprimé;;;;;10; 50,00 ; 100,00 ;;;
Hydrocortisone 100 mg injectable;;;;;10; 150,00 ; 200,00 ;;;
Furozémide 40 mg comprimé;;;;;10; 8,00 ; 10,00 ;;;
Sulfadiazine pommade;;;;;10; 700,00 ; 1 000,00 ;;;
Méthyldopa 250 mg comprimé;;;;;10; 50,00 ; 50,00 ;;;
Lidocaine 1% 20 ml;;;;;10; 700,00 ; 1 000,00 ;;;
Bande a gaze 15 M;;;;;10; 350,00 ; 500,00 ;;;
Bandelette sinocare B50;;;;;10; -   ; -   ;;;
CPN;;;;;10; -   ; 500,00 ;;;
Echographie cardiaque;;;;;10; -   ; 15 000,00 ;;;
Primalan 5mg comprime;;;;;10; 1 980,00 ; 2 300,00 ;;;
Primalan 60mL sirop;;;;;10; 1 450,00 ; 1 700,00 ;;;
Coton paquet;;;;;10; 400,00 ; 500,00 ;;;
Aclav 500mg/62.5mg sachet;;;;;10; 3 300,00 ; 3 900,00 ;;;
Kaliemie;;;;;10; -   ; 2 000,00 ;;;
CHIRURGIE OPHTALMOLOGIQUE;;;;;10; -   ; 1 000,00 ;;;
Phloroglucinol 80mg comprime;;;;;10; 59,40 ; 75,00 ;;;
Travail dirigé;;;;;10; -   ; 3 000,00 ;;;
Dechirure Perinée;;;;;10; -   ; 3 000,00 ;;;
Dechirure col de l'uterus;;;;;10; -   ; 3 000,00 ;;;
Episiotomie;;;;;10; -   ; 2 000,00 ;;;
HEMORAGIE_DU_POST_;;;;;10; -   ; 3 000,00 ;;;
Accouchement instrument;;;;;10; -   ; 5 000,00 ;;;
Abces mamaire;;;;;10; -   ; 5 000,00 ;;;
Pre clampsie;;;;;10; -   ; 3 000,00 ;;;
Sonde urinaire;;;;;10; -   ; 1 000,00 ;;;
Endometrite severe;;;;;10; -   ; 3 000,00 ;;;
Consultation cardiologie;;;;;10; -   ; 5 000,00 ;;;
Serologie Rubeole IgG-IgM;;;;;10; -   ; 5 000,00 ;;;
First response HIV 1-2;;;;;10; -   ; -   ;;;
Echographie thyroidienne ;;;;;10; -   ; -   ;;;
One step anti HIV 1-2;;;;;10; -   ; -   ;;;
Vaccin anti rabique;;;;;10; -   ; -   ;;;
Echographie vaisseaux ;;;;;10; -   ; -   ;;;
Artesunate 30mgmL injectable;;;;;10; -   ; -   ;;;
Oxygenotherapie;;;;;10; -   ; -   ;;;
Oxygenotherapie bloc;;;;;10; -   ; -   ;;;
Hydroxyde d'aluminium comprime;;;;;10; -   ; -   ;;;
